"1";"Jonas";"Basco";"Mangaoang";"22";"i have no talent";"protestant catholic";"behind it";"i never lie...";"nope.";"through words";"yes.";"feminine perfume";"i can't remeber";"i always try"
"2";"John";"Ben";"Doe";"20";"a";"b";"c";"d";"e";"f";"g";"h";"i";"j"
"3";"John";"Benny";"Doe";NULL;"i can see the future.";;;;;;;;;
"8";"Frank";;"Doe";NULL;;;;;;;;;;
"1";"What's your strangest talent?"
"2";"What's your religion?"
"3";"Do you prefer to be behind the camera or in front of it?"
"4";"What was the last lie you told?"
"5";"Have you ever gone skinny dipping?"
"6";"How do you vent out your anger?"
"7";"Do you beleive in ghosts? how about aliens?"
"8";"Smell the air, what do you smell?"
"9";"What is the worst place you've ever been to?"
"10";"Can you touch your nose with your tongue?"
"1";"admin";"1234";"jmangaoang8@gmail.com"
"2";"dummy1";"dummy1";"dummy1@email.com"
"3";"JohnDoe";"1234";"johndoe@email.com"
"6";"JaneDoe";"1234";"janedoe@email.com"
"8";"FrankDoe";"1234";"frankdoe@email.com"
"9";"JonasMangaoang";"1234";"jonasmangaoang@email.com"
